{
    "loss": 5.187191009521484,
    "accuracy": 0.5086206793785095
}